{
    "TranslationProgress": {
        "af": 0,
        "ar": 0,
        "bg": 1,
        "ca": 1,
        "cs": 0.9042769857433809,
        "da": 0,
        "de": 0.9979633401221996,
        "el": 0.021384928716904276,
        "en": 1,
        "eo": 0.4419551934826884,
        "es": 0.9470468431771895,
        "es_AR": 0.20672097759674135,
        "et": 1,
        "fi": 0.5773930753564155,
        "fr": 0.7678207739307535,
        "frm": 0,
        "he": 0.7474541751527495,
        "hu": 0.824847250509165,
        "id": 0.6109979633401222,
        "it": 0.9969450101832994,
        "ka": 0,
        "ko": 0.4195519348268839,
        "la": 0.0010183299389002036,
        "lb_LU": 0,
        "lt": 0,
        "lv": 0.4623217922606925,
        "nl": 0.4378818737270876,
        "nl_BE": 0.8706720977596741,
        "pl": 0.7718940936863544,
        "pt_BR": 0.9826883910386965,
        "pt_PT": 0.9511201629327902,
        "ro": 0,
        "ru": 0.9592668024439919,
        "si_LK": 0.006109979633401222,
        "sr_Cyrl": 0.4429735234215886,
        "sr_Latn": 0.34012219959266804,
        "sv": 0.6720977596741344,
        "th_TH": 0.384928716904277,
        "tr": 1,
        "uk": 1,
        "zh_CN": 0.9735234215885947,
        "zh_TW": 0.9164969450101833
    }
}