{"TranslationProgress":{"bg":0.9988518943742825,"ca":0.9988518943742825,"cs":0.8231917336394948,"da":0.0,"de":0.8794489092996556,"en":0.9988518943742825,"eo":0.5384615384615384,"es":0.653272101033295,"es_AR":0.014925373134328358,"et":0.02870264064293915,"fi":0.6199770378874856,"fr":0.7497129735935706,"frm":0.0,"he":0.8828932261768083,"hu":0.7577497129735936,"id":0.7324913892078071,"it":0.9242250287026407,"ko":0.513203214695752,"la":0.001148105625717566,"lb_LU":0.0,"lt":0.0,"lv":0.2939150401836969,"nl":0.49942594718714123,"nl_BE":0.5373134328358209,"pl":0.5970149253731343,"pt_BR":0.8576349024110218,"pt_PT":0.8760045924225028,"ru":0.8794489092996556,"si_LK":0.008036739380022962,"sr_Cyrl":0.5120551090700345,"sr_Latn":0.3949483352468427,"sv":0.4890929965556831,"th_TH":0.44661308840413316,"tr":0.8828932261768083,"uk":0.08151549942594719,"zh_CN":0.8828932261768083,"zh_TW":0.40757749712973596}}