{
  "TranslationProgress": {
    "af": 0,
    "ar": 0.007364975450081833,
    "bg": 0.9926350245499181,
    "ca": 0.9443535188216039,
    "cs": 0.986088379705401,
    "da": 0.004909983633387889,
    "de": 0.8289689034369886,
    "el": 0.01718494271685761,
    "en": 1,
    "eo": 0.3436988543371522,
    "es": 0.7495908346972177,
    "es_AR": 0.16530278232405893,
    "et": 0.8027823240589198,
    "fi": 0.6497545008183306,
    "fr": 0.6399345335515548,
    "frm": 0,
    "he": 0.9983633387888707,
    "hu": 0.7913256955810147,
    "id": 0.6014729950900164,
    "it": 0.9852700490998363,
    "ka": 0,
    "ko": 0.3322422258592471,
    "la": 0,
    "lb_LU": 0,
    "lt": 0.09901800327332243,
    "lv": 0.36824877250409166,
    "nb_NO": 0.012274959083469721,
    "nl": 0.5049099836333879,
    "nl_BE": 0.7029459901800328,
    "pl": 0.9402618657937807,
    "pt_BR": 0.9893617021276596,
    "pt_PT": 0.7643207855973814,
    "ro": 0,
    "ru": 0.9468085106382979,
    "si_LK": 0.004909983633387889,
    "sk": 0.6783960720130933,
    "sr_Cyrl": 0.3453355155482815,
    "sr_Latn": 0.2618657937806874,
    "sv": 0.5417348608837971,
    "th_TH": 0.306873977086743,
    "tr": 0.9983633387888707,
    "uk": 0.9983633387888707,
    "vi": 0,
    "zh_CN": 0.9877250409165302,
    "zh_TW": 0.7315875613747954
  }
}
