{
  "TranslationProgress": {
    "af": 0.0046199076,
    "ar": 0.015539689,
    "be": 0.004199916,
    "bg": 0.5741285,
    "bn": 0.012599748,
    "ca": 0.45821083,
    "cs": 0.52624947,
    "da": 0.010079798,
    "de": 0.55228895,
    "el": 0.0025199496,
    "en": 1,
    "eo": 0.1747165,
    "es": 0.67912644,
    "es_AR": 0.13019739,
    "et": 0.38639227,
    "fi": 0.35237294,
    "fr": 0.751785,
    "frm": 0,
    "he": 0.5031499,
    "hr": 0.03191936,
    "hu": 0.44645107,
    "id": 0.28265435,
    "it": 0.57328856,
    "ja": 0.0054598907,
    "ka": 0.8731625,
    "ko": 0.2452751,
    "la": 0.02099958,
    "lb_LU": 0.1604368,
    "lt": 0.15077698,
    "lv": 0.17513649,
    "mk": 0.012179757,
    "nb_NO": 0.029399412,
    "nl": 0.6446871,
    "nl_BE": 0.4208316,
    "pl": 0.6270475,
    "pt_BR": 0.7547249,
    "pt_PT": 0.6148677,
    "ro": 0.048719026,
    "ru": 0.84880304,
    "si_LK": 0.0025199496,
    "sk": 0.33809325,
    "sr_Cyrl": 0.1604368,
    "sr_Latn": 0.118017636,
    "sv": 0.3049139,
    "th_TH": 0.13691726,
    "tok": 0.023099538,
    "tr": 1,
    "tt": 0,
    "uk": 0.7450651,
    "vi": 0,
    "zh_CN": 0.87358254,
    "zh_TW": 0.98362035
  },
  "InternalName": null
}
