{
  "TranslationProgress": {
    "af": 0.004524887,
    "ar": 0.015220074,
    "be": 0.0041135335,
    "bg": 0.56149733,
    "bn": 0.012340601,
    "ca": 0.4487865,
    "cs": 0.5150144,
    "da": 0.00987248,
    "de": 0.7573015,
    "el": 0.00246812,
    "en": 1,
    "eo": 0.171123,
    "es": 0.6651584,
    "es_AR": 0.12751953,
    "et": 0.3784451,
    "fi": 0.34594816,
    "fr": 0.74125874,
    "frm": 0,
    "gsw": 0.122171946,
    "he": 0.49238998,
    "hr": 0.031262856,
    "hu": 0.43685725,
    "id": 0.2768408,
    "it": 0.5684903,
    "ja": 0.014397367,
    "ka": 0.8757713,
    "ko": 0.24023035,
    "la": 0.020567667,
    "lb_LU": 0.15713698,
    "lt": 0.14767586,
    "lv": 0.17153434,
    "mk": 0.0119292475,
    "nb_NO": 0.05059646,
    "nl": 0.65898806,
    "nl_BE": 0.41217607,
    "pl": 0.62731385,
    "pt_BR": 0.90168655,
    "pt_PT": 0.6013986,
    "ro": 0.04771699,
    "ru": 0.8321678,
    "si_LK": 0.00246812,
    "sk": 0.33113945,
    "sr_Cyrl": 0.15713698,
    "sr_Latn": 0.11559029,
    "sv": 0.30522418,
    "th_TH": 0.1341012,
    "tok": 0.022624435,
    "tr": 1,
    "tt": 0,
    "uk": 0.7527766,
    "vi": 0,
    "zh_CN": 0.8543809,
    "zh_TW": 0.9971205
  },
  "InternalName": null
}
