{
    "TranslationProgress": {
        "bg": 1,
        "ca": 1,
        "cs": 0.8241379310344827,
        "da": 0,
        "de": 0.8804597701149425,
        "en": 1,
        "eo": 0.539080459770115,
        "es": 0.6540229885057471,
        "es_AR": 0.014942528735632184,
        "et": 0.028735632183908046,
        "fi": 0.6206896551724138,
        "fr": 0.7505747126436781,
        "frm": 0,
        "he": 0.8839080459770114,
        "hu": 0.7586206896551724,
        "id": 0.7333333333333333,
        "it": 0.9252873563218391,
        "ko": 0.5137931034482759,
        "la": 0.0011494252873563218,
        "lb_LU": 0,
        "lt": 0,
        "lv": 0.2942528735632184,
        "nl": 0.5,
        "nl_BE": 0.5379310344827586,
        "pl": 0.5977011494252874,
        "pt_BR": 0.8586206896551725,
        "pt_PT": 0.8770114942528736,
        "ru": 0.8804597701149425,
        "si_LK": 0.008045977011494253,
        "sr_Cyrl": 0.5126436781609195,
        "sr_Latn": 0.3954022988505747,
        "sv": 0.4896551724137931,
        "th_TH": 0.4471264367816092,
        "tr": 0.8839080459770114,
        "uk": 0.08160919540229886,
        "zh_CN": 0.8839080459770114,
        "zh_TW": 0.40804597701149425
    }
}