{
    "TranslationProgress": {
        "bg": 1,
        "ca": 0.998898678414097,
        "cs": 0.8303964757709251,
        "da": 0,
        "de": 0.986784140969163,
        "en": 1,
        "eo": 0.5165198237885462,
        "es": 0.6288546255506607,
        "es_AR": 0.014317180616740088,
        "et": 0.02753303964757709,
        "fi": 0.5947136563876652,
        "fr": 0.7213656387665198,
        "frm": 0,
        "he": 0.8513215859030837,
        "hu": 0.7466960352422908,
        "id": 0.7026431718061674,
        "it": 0.9372246696035242,
        "ko": 0.4922907488986784,
        "la": 0.0011013215859030838,
        "lb_LU": 0,
        "lt": 0,
        "lv": 0.45374449339207046,
        "nl": 0.4790748898678414,
        "nl_BE": 0.986784140969163,
        "pl": 0.788546255506608,
        "pt_BR": 0.8226872246696035,
        "pt_PT": 0.8403083700440529,
        "ru": 0.8436123348017621,
        "si_LK": 0.007709251101321586,
        "sr_Cyrl": 0.4911894273127753,
        "sr_Latn": 0.3788546255506608,
        "sv": 0.46916299559471364,
        "th_TH": 0.42841409691629956,
        "tr": 1,
        "uk": 0.09140969162995595,
        "zh_CN": 0.986784140969163,
        "zh_TW": 0.3909691629955947
    }
}