{
  "TranslationProgress": {
    "af": 0.005424254,
    "ar": 0.021697016,
    "be": 0.0038744672,
    "bg": 0.5075552,
    "bn": 0.011623402,
    "ca": 0.4103061,
    "cs": 0.47462225,
    "da": 0.009298721,
    "de": 0.7772181,
    "el": 0.0023246803,
    "en": 1,
    "eo": 0.15381636,
    "es": 0.61720264,
    "es_AR": 0.120108485,
    "et": 0.34017822,
    "fi": 0.320031,
    "fr": 0.75435877,
    "frm": 0,
    "gsw": 0.38667184,
    "he": 0.45447502,
    "hr": 0.028671058,
    "hu": 0.43161565,
    "id": 0.2530027,
    "it": 0.5350639,
    "ja": 0.013560635,
    "ka": 0.86245644,
    "ko": 0.21774507,
    "la": 0.019372337,
    "lb_LU": 0.14684232,
    "lt": 0.13831848,
    "lv": 0.16117784,
    "mk": 0.011235955,
    "nb_NO": 0.047268502,
    "nl": 0.6299884,
    "nl_BE": 0.38086012,
    "pl": 0.5803952,
    "pt_BR": 0.8597443,
    "pt_PT": 0.5555986,
    "ro": 0.04494382,
    "ru": 0.99961257,
    "si_LK": 0.0023246803,
    "sk": 0.31964356,
    "sr_Cyrl": 0.14064316,
    "sr_Latn": 0.103835724,
    "sv": 0.3002712,
    "th_TH": 0.120883375,
    "tok": 0.02130957,
    "tr": 0.9992251,
    "tt": 0.0015497869,
    "uk": 0.7411856,
    "vi": 0.015497869,
    "zh_CN": 0.8430841,
    "zh_TW": 0.9833398
  },
  "InternalName": null
}
