{
  "TranslationProgress": {
    "af": 0.005307051,
    "ar": 0.13646702,
    "be": 0.0037907506,
    "bg": 0.515163,
    "bn": 0.011372251,
    "ca": 0.39840788,
    "cs": 0.46133435,
    "da": 0.0090978015,
    "de": 0.77710384,
    "el": 0.0022744504,
    "en": 1,
    "eo": 0.1504928,
    "es": 0.65731615,
    "es_AR": 0.11902957,
    "et": 0.3313116,
    "fi": 0.3115997,
    "fr": 0.79112965,
    "frm": 0,
    "gsw": 0.39272177,
    "he": 0.44162244,
    "hr": 0.03070508,
    "hu": 0.48407885,
    "id": 0.24753602,
    "it": 0.52312356,
    "ja": 0.1504928,
    "ka": 0.86884004,
    "ko": 0.2126611,
    "la": 0.018574677,
    "lb_LU": 0.14329037,
    "lt": 0.13495073,
    "lv": 0.15769522,
    "mk": 0.05458681,
    "nb_NO": 0.04586808,
    "nl": 0.61144805,
    "nl_BE": 0.3707354,
    "pl": 0.75132674,
    "pt_BR": 0.8756634,
    "pt_PT": 0.5416983,
    "ro": 0.04359363,
    "ru": 0.9996209,
    "si_LK": 0.0022744504,
    "sk": 0.31122062,
    "sr_Cyrl": 0.13760425,
    "sr_Latn": 0.101592116,
    "sv": 0.2915087,
    "th_TH": 0.11827142,
    "tok": 0.020849127,
    "tr": 1,
    "tt": 0.0015163003,
    "uk": 0.7232752,
    "vi": 0.046626233,
    "zh_CN": 0.8953753,
    "zh_TW": 0.9924185
  },
  "InternalName": null
}
