{
    "TranslationProgress": {
        "af": 0,
        "ar": 0.007792207792207792,
        "bg": 1,
        "ca": 1,
        "cs": 0.7567099567099567,
        "da": 0,
        "de": 0.8441558441558441,
        "el": 0.01818181818181818,
        "en": 1,
        "eo": 0.36363636363636365,
        "es": 0.793073593073593,
        "es_AR": 0.1748917748917749,
        "et": 0.8380952380952381,
        "fi": 0.606926406926407,
        "fr": 0.6649350649350649,
        "frm": 0,
        "he": 1,
        "hu": 0.8216450216450216,
        "id": 0.5064935064935064,
        "it": 1,
        "ka": 0,
        "ko": 0.3515151515151515,
        "la": 0,
        "lb_LU": 0,
        "lt": 0.10476190476190476,
        "lv": 0.38961038961038963,
        "nl": 0.40086580086580087,
        "nl_BE": 0.7298701298701299,
        "pl": 0.948051948051948,
        "pt_BR": 0.9974025974025974,
        "pt_PT": 0.7956709956709956,
        "ro": 0,
        "ru": 0.8874458874458875,
        "si_LK": 0.005194805194805195,
        "sk": 0.548051948051948,
        "sr_Cyrl": 0.36536796536796534,
        "sr_Latn": 0.27705627705627706,
        "sv": 0.574025974025974,
        "th_TH": 0.3246753246753247,
        "tr": 1,
        "uk": 0.8935064935064935,
        "zh_CN": 0.8926406926406927,
        "zh_TW": 0.7705627705627706
    }
}