{
  "TranslationProgress": {
    "af": 0.004733219,
    "ar": 0.018072288,
    "be": 0.004302926,
    "bg": 0.605852,
    "bn": 0.012908778,
    "ca": 0.48493975,
    "cs": 0.55507743,
    "da": 0.0103270225,
    "de": 0.58218586,
    "el": 0.009036144,
    "en": 1,
    "eo": 0.1914802,
    "es": 0.5748709,
    "es_AR": 0.12865749,
    "et": 0.40877798,
    "fi": 0.3717728,
    "fr": 0.7874355,
    "frm": 0,
    "he": 0.53141135,
    "hr": 0.04302926,
    "hu": 0.47246128,
    "id": 0.30464715,
    "it": 0.58907056,
    "ka": 0.8747848,
    "ko": 0.21944922,
    "la": 0.025387263,
    "lb_LU": 0.17254733,
    "lt": 0.15533563,
    "lv": 0.1914802,
    "mk": 0.012478486,
    "nb_NO": 0.030981068,
    "nl": 0.6781411,
    "nl_BE": 0.44578314,
    "pl": 0.65920824,
    "pt_BR": 0.70955247,
    "pt_PT": 0.64457834,
    "ro": 0.057228915,
    "ru": 0.8730637,
    "si_LK": 0.0025817556,
    "sk": 0.35628226,
    "sr_Cyrl": 0.17641996,
    "sr_Latn": 0.13296041,
    "sv": 0.3265921,
    "th_TH": 0.15232357,
    "tok": 0.023666093,
    "tr": 1,
    "tt": 0,
    "uk": 0.7801205,
    "vi": 0,
    "zh_CN": 0.9126506,
    "zh_TW": 0.9995697
  },
  "InternalName": null
}
