{
  "TranslationProgress": {
    "af": 0.007042253521126761,
    "ar": 0.026888604353393086,
    "bg": 0.8892445582586428,
    "ca": 0.7407170294494239,
    "cs": 0.8258642765685019,
    "da": 0.0038412291933418692,
    "de": 0.8565941101152369,
    "el": 0.013444302176696543,
    "en": 1,
    "eo": 0.2676056338028169,
    "es": 0.854673495518566,
    "es_AR": 0.1299615877080666,
    "et": 0.6254801536491678,
    "fi": 0.5441741357234315,
    "fr": 0.7663252240717029,
    "frm": 0,
    "he": 0.8143405889884763,
    "hr": 0.027528809218950064,
    "hu": 0.6510883482714469,
    "id": 0.4673495518565941,
    "it": 0.7714468629961587,
    "ka": 0,
    "ko": 0.3437900128040973,
    "la": 0.03905249679897567,
    "lb_LU": 0,
    "lt": 0.10051216389244558,
    "lv": 0.29513444302176695,
    "nb_NO": 0.04737516005121639,
    "nl": 0.9673495518565941,
    "nl_BE": 0.5473751600512163,
    "pl": 0.8751600512163893,
    "pt_BR": 0.9231754161331626,
    "pt_PT": 0.6088348271446863,
    "ro": 0.02496798975672215,
    "ru": 1,
    "si_LK": 0.0038412291933418692,
    "sk": 0.5448143405889885,
    "sr_Cyrl": 0.26952624839948786,
    "sr_Latn": 0.20422535211267606,
    "sv": 0.4641485275288092,
    "th_TH": 0.24007682458386684,
    "tok": 0.019206145966709345,
    "tr": 1,
    "uk": 0.9487836107554417,
    "vi": 0,
    "zh_CN": 0.9891165172855314,
    "zh_TW": 0.737516005121639
  }
}
