{
  "TranslationProgress": {
    "af": 0.0053435112,
    "ar": 0.13740458,
    "be": 0.003816794,
    "bg": 0.49694657,
    "bn": 0.011450382,
    "ca": 0.40114504,
    "cs": 0.46450382,
    "da": 0.009160305,
    "de": 0.78091604,
    "el": 0.0022900763,
    "en": 1,
    "eo": 0.15152672,
    "es": 0.66183203,
    "es_AR": 0.118320614,
    "et": 0.3335878,
    "fi": 0.31374046,
    "fr": 0.74236643,
    "frm": 0,
    "gsw": 0.3958015,
    "he": 0.4446565,
    "hr": 0.030916031,
    "hu": 0.48816794,
    "id": 0.24923664,
    "it": 0.5240458,
    "ja": 0.15152672,
    "ka": 0.8687023,
    "ko": 0.21412213,
    "la": 0.018702291,
    "lb_LU": 0.14427482,
    "lt": 0.13587786,
    "lv": 0.15877862,
    "mk": 0.051908396,
    "nb_NO": 0.046183206,
    "nl": 0.61564887,
    "nl_BE": 0.37328243,
    "pl": 0.75114506,
    "pt_BR": 0.88473284,
    "pt_PT": 0.5458015,
    "ro": 0.04389313,
    "ru": 0.99770993,
    "si_LK": 0.0022900763,
    "sk": 0.31335878,
    "sr_Cyrl": 0.13854961,
    "sr_Latn": 0.10229008,
    "sv": 0.29351145,
    "th_TH": 0.11908397,
    "tok": 0.020992367,
    "tr": 0.9996183,
    "tt": 0.0015267176,
    "uk": 0.7305344,
    "vi": 0.046946567,
    "zh_CN": 0.9049618,
    "zh_TW": 0.9973282
  },
  "InternalName": null
}
