{
  "TranslationProgress": {
    "af": 0.005586592,
    "ar": 0.014365523,
    "be": 0.003990423,
    "bg": 0.5359138,
    "bn": 0.011971269,
    "ca": 0.42817238,
    "cs": 0.49162012,
    "da": 0.009577015,
    "de": 0.7697526,
    "el": 0.0023942539,
    "en": 1,
    "eo": 0.1632083,
    "es": 0.6408619,
    "es_AR": 0.123703115,
    "et": 0.3603352,
    "fi": 0.33599362,
    "fr": 0.7649641,
    "frm": 0,
    "gsw": 0.33359936,
    "he": 0.47007182,
    "hr": 0.02952913,
    "hu": 0.4197925,
    "id": 0.26536313,
    "it": 0.5534717,
    "ja": 0.01396648,
    "ka": 0.8707103,
    "ko": 0.22944932,
    "la": 0.019952115,
    "lb_LU": 0.15123703,
    "lt": 0.14285715,
    "lv": 0.1660016,
    "mk": 0.011572227,
    "nb_NO": 0.04868316,
    "nl": 0.6520351,
    "nl_BE": 0.396249,
    "pl": 0.60215485,
    "pt_BR": 0.8619314,
    "pt_PT": 0.57621706,
    "ro": 0.046288908,
    "ru": 0.8347965,
    "si_LK": 0.0023942539,
    "sk": 0.32960895,
    "sr_Cyrl": 0.14924182,
    "sr_Latn": 0.111332804,
    "sv": 0.3160415,
    "th_TH": 0.1292897,
    "tok": 0.021947326,
    "tr": 1,
    "tt": 0.0015961692,
    "uk": 0.72146845,
    "vi": 0,
    "zh_CN": 0.81484437,
    "zh_TW": 0.9848364
  },
  "InternalName": null
}
