{
  "TranslationProgress": {
    "af": 0.0053598774,
    "ar": 0.13782541,
    "be": 0.0038284839,
    "bg": 0.5015314,
    "bn": 0.011485452,
    "ca": 0.40543646,
    "cs": 0.46898928,
    "da": 0.0091883615,
    "de": 0.76799387,
    "el": 0.0022970904,
    "en": 1,
    "eo": 0.15199082,
    "es": 0.6669219,
    "es_AR": 0.118683,
    "et": 0.3361409,
    "fi": 0.31623277,
    "fr": 0.7477029,
    "frm": 0,
    "gsw": 0.39892802,
    "he": 0.44908115,
    "hr": 0.031010719,
    "hu": 0.49004593,
    "id": 0.25,
    "it": 0.52871364,
    "ja": 0.14816234,
    "ka": 0.8671516,
    "ko": 0.2151608,
    "la": 0.01914242,
    "lb_LU": 0.14509954,
    "lt": 0.13667688,
    "lv": 0.15926494,
    "mk": 0.034456354,
    "nb_NO": 0.046707503,
    "nl": 0.6225115,
    "nl_BE": 0.37633997,
    "pl": 0.61830014,
    "pt_BR": 0.8924196,
    "pt_PT": 0.5490046,
    "ro": 0.044410415,
    "ru": 0.9984686,
    "si_LK": 0.0022970904,
    "sk": 0.31584993,
    "sr_Cyrl": 0.13897397,
    "sr_Latn": 0.10260337,
    "sv": 0.29632467,
    "th_TH": 0.1194487,
    "tok": 0.021056661,
    "tr": 1,
    "tt": 0.0015313936,
    "uk": 0.73774886,
    "vi": 0.0153139355,
    "zh_CN": 0.848392,
    "zh_TW": 0.98430324
  },
  "InternalName": null
}
