{
  "TranslationProgress": {
    "af": 0.005319148936170213,
    "ar": 0.020309477756286266,
    "be": 0.004835589941972921,
    "bg": 0.6861702127659575,
    "bn": 0.01402321083172147,
    "ca": 0.5498065764023211,
    "cs": 0.6058994197292069,
    "da": 0.01160541586073501,
    "de": 0.6586073500967118,
    "el": 0.010154738878143133,
    "en": 1,
    "eo": 0.218568665377176,
    "es": 0.6431334622823984,
    "es_AR": 0.12911025145067698,
    "et": 0.4637330754352031,
    "fi": 0.41779497098646035,
    "fr": 0.867504835589942,
    "frm": 0,
    "he": 0.6020309477756286,
    "hr": 0.041586073500967116,
    "hu": 0.4821083172147002,
    "id": 0.34622823984526113,
    "it": 0.574468085106383,
    "ka": 0.8868471953578336,
    "ko": 0.2504835589941973,
    "la": 0.02852998065764023,
    "lb_LU": 0.031431334622823985,
    "lt": 0.17456479690522245,
    "lv": 0.218568665377176,
    "mk": 0.009671179883945842,
    "nb_NO": 0.03481624758220503,
    "nl": 0.75,
    "nl_BE": 0.5058027079303675,
    "pl": 0.7180851063829787,
    "pt_BR": 0.8041586073500967,
    "pt_PT": 0.7292069632495164,
    "ro": 0.06431334622823985,
    "ru": 0.9144100580270793,
    "si_LK": 0.0029013539651837525,
    "sk": 0.4032882011605416,
    "sr_Cyrl": 0.2016441005802708,
    "sr_Latn": 0.15232108317214701,
    "sv": 0.359284332688588,
    "th_TH": 0.17408123791102514,
    "tok": 0.026595744680851064,
    "tr": 1,
    "uk": 0.8471953578336557,
    "vi": 0,
    "zh_CN": 0.9970986460348162,
    "zh_TW": 1
  }
}
