{
  "TranslationProgress": {
    "af": 0.004547334,
    "ar": 0.015295576,
    "be": 0.0041339397,
    "bg": 0.5642828,
    "bn": 0.012401819,
    "ca": 0.45101282,
    "cs": 0.51756924,
    "da": 0.009921455,
    "de": 0.5427863,
    "el": 0.0024803637,
    "en": 1,
    "eo": 0.17197189,
    "es": 0.66845804,
    "es_AR": 0.12815213,
    "et": 0.38032246,
    "fi": 0.34683755,
    "fr": 0.7449359,
    "frm": 0,
    "he": 0.49483258,
    "hr": 0.03141794,
    "hu": 0.4390244,
    "id": 0.27821413,
    "it": 0.5642828,
    "ja": 0.0053741215,
    "ka": 0.87432826,
    "ko": 0.24142207,
    "la": 0.020669699,
    "lb_LU": 0.1579165,
    "lt": 0.14840843,
    "lv": 0.17238529,
    "mk": 0.011988425,
    "nb_NO": 0.028937578,
    "nl": 0.66225713,
    "nl_BE": 0.41422075,
    "pl": 0.6238115,
    "pt_BR": 0.8978917,
    "pt_PT": 0.604382,
    "ro": 0.0479537,
    "ru": 0.8354692,
    "si_LK": 0.0024803637,
    "sk": 0.33278215,
    "sr_Cyrl": 0.1579165,
    "sr_Latn": 0.1161637,
    "sv": 0.30673832,
    "th_TH": 0.13476643,
    "tok": 0.022736669,
    "tr": 0.99710625,
    "tt": 0,
    "uk": 0.7329475,
    "vi": 0,
    "zh_CN": 0.8586193,
    "zh_TW": 0.99586606
  },
  "InternalName": null
}
