{
    "TranslationProgress": {
        "af": 0,
        "ar": 0,
        "bg": 1,
        "ca": 0.9849397590361446,
        "cs": 0.8905622489959839,
        "da": 0,
        "de": 0.9829317269076305,
        "el": 0.02108433734939759,
        "en": 1,
        "eo": 0.4347389558232932,
        "es": 0.9327309236947792,
        "es_AR": 0.20281124497991967,
        "et": 0.9849397590361446,
        "fi": 0.642570281124498,
        "fr": 0.7560240963855421,
        "frm": 0,
        "he": 0.9909638554216867,
        "hu": 0.8122489959839357,
        "id": 0.6014056224899599,
        "it": 0.9929718875502008,
        "ka": 0,
        "ko": 0.4126506024096386,
        "la": 0.001004016064257028,
        "lb_LU": 0,
        "lt": 0,
        "lv": 0.45481927710843373,
        "nl": 0.4307228915662651,
        "nl_BE": 0.857429718875502,
        "pl": 0.7951807228915663,
        "pt_BR": 0.9939759036144579,
        "pt_PT": 0.9367469879518072,
        "ro": 0,
        "ru": 0.9508032128514057,
        "si_LK": 0.006024096385542169,
        "sr_Cyrl": 0.4357429718875502,
        "sr_Latn": 0.33433734939759036,
        "sv": 0.6616465863453815,
        "th_TH": 0.3785140562248996,
        "tr": 1,
        "uk": 0.9849397590361446,
        "zh_CN": 0.9889558232931727,
        "zh_TW": 0.9026104417670683
    }
}