{
    "TranslationProgress": {
        "af": 0,
        "bg": 1,
        "ca": 1,
        "cs": 0.9872476089266737,
        "da": 0,
        "de": 1,
        "en": 1,
        "eo": 0.49840595111583424,
        "es": 0.9723698193411264,
        "es_AR": 0.21891604675876727,
        "et": 0.026567481402763018,
        "fi": 0.5834218916046758,
        "fr": 0.842720510095643,
        "frm": 0,
        "he": 0.8214665249734325,
        "hu": 0.7747077577045696,
        "id": 0.6780021253985122,
        "it": 1,
        "ko": 0.47502656748140276,
        "la": 0.0010626992561105207,
        "lb_LU": 0,
        "lt": 0,
        "lv": 0.5069075451647184,
        "nl": 0.4622741764080765,
        "nl_BE": 0.9521785334750266,
        "pl": 0.8469713071200851,
        "pt_BR": 1,
        "pt_PT": 0.8108395324123273,
        "ro": 0,
        "ru": 1,
        "si_LK": 0.007438894792773645,
        "sr_Cyrl": 0.47396386822529224,
        "sr_Latn": 0.3655685441020191,
        "sv": 0.4527098831030818,
        "th_TH": 0.41339001062699254,
        "tr": 1,
        "uk": 0.589798087141339,
        "zh_CN": 1,
        "zh_TW": 1
    }
}