{
  "TranslationProgress": {
    "aeb": 0,
    "af": 0.0051909527,
    "ar": 0.18020022,
    "be": 0.0037078236,
    "bg": 0.5061179,
    "bn": 0.010752688,
    "ca": 0.38524285,
    "cs": 0.62143123,
    "da": 0.8865406,
    "de": 0.7500927,
    "el": 0.002224694,
    "en": 1,
    "eo": 0.1449759,
    "es": 0.6347794,
    "es_AR": 0.115313314,
    "et": 0.32109752,
    "fi": 0.3110864,
    "fr": 0.79903597,
    "frm": 0,
    "gsw": 0.38042268,
    "he": 0.42714128,
    "hr": 0.028921023,
    "hu": 0.46866888,
    "id": 0.24731183,
    "it": 0.52354467,
    "ja": 0.14608824,
    "ka": 0.8757879,
    "ko": 0.2057842,
    "la": 0.018168336,
    "lb_LU": 0.13904338,
    "lt": 0.15535781,
    "lv": 0.15313311,
    "mk": 0.052651092,
    "nb_NO": 0.0441231,
    "nl": 0.6151279,
    "nl_BE": 0.40266964,
    "pl": 0.77641827,
    "pt_BR": 0.86503524,
    "pt_PT": 0.5253986,
    "ro": 0.041898407,
    "ru": 0.99888766,
    "si_LK": 0.002224694,
    "sk": 0.30181682,
    "sr_Cyrl": 0.13274008,
    "sr_Latn": 0.09788654,
    "sv": 0.28253615,
    "th_TH": 0.11457174,
    "tok": 0.019651465,
    "tr": 1,
    "tt": 0.01594364,
    "uk": 0.73822767,
    "vi": 0.044493884,
    "zh_CN": 1,
    "zh_TW": 0.9792362
  },
  "InternalName": null
}
