{
  "TranslationProgress": {
    "af": 0.005366041,
    "ar": 0.1379839,
    "be": 0.0038328862,
    "bg": 0.5021081,
    "bn": 0.011498659,
    "ca": 0.40590265,
    "cs": 0.46952856,
    "da": 0.009198926,
    "de": 0.76887697,
    "el": 0.0022997316,
    "en": 1,
    "eo": 0.15216558,
    "es": 0.6676888,
    "es_AR": 0.11881947,
    "et": 0.3365274,
    "fi": 0.3165964,
    "fr": 0.7485627,
    "frm": 0,
    "gsw": 0.39938673,
    "he": 0.44959754,
    "hr": 0.031046377,
    "hu": 0.49060944,
    "id": 0.25028747,
    "it": 0.52932155,
    "ja": 0.1483327,
    "ka": 0.86814874,
    "ko": 0.2154082,
    "la": 0.01916443,
    "lb_LU": 0.14526638,
    "lt": 0.13683404,
    "lv": 0.15944806,
    "mk": 0.034495976,
    "nb_NO": 0.04676121,
    "nl": 0.6232273,
    "nl_BE": 0.3767727,
    "pl": 0.6190111,
    "pt_BR": 0.88692987,
    "pt_PT": 0.5496359,
    "ro": 0.04446148,
    "ru": 0.9996167,
    "si_LK": 0.0022997316,
    "sk": 0.3162131,
    "sr_Cyrl": 0.13913377,
    "sr_Latn": 0.10272135,
    "sv": 0.2966654,
    "th_TH": 0.11958605,
    "tok": 0.021080874,
    "tr": 1,
    "tt": 0.0015331545,
    "uk": 0.73859715,
    "vi": 0.015331545,
    "zh_CN": 0.84936756,
    "zh_TW": 0.98160213
  },
  "InternalName": null
}
