{
  "TranslationProgress": {
    "af": 0,
    "ar": 0.01046337817638266,
    "bg": 0.9895366218236173,
    "ca": 0.8677130044843049,
    "cs": 0.9237668161434978,
    "da": 0.004484304932735426,
    "de": 0.8183856502242153,
    "el": 0.01569506726457399,
    "en": 1,
    "eo": 0.3131539611360239,
    "es": 0.9895366218236173,
    "es_AR": 0.15097159940209268,
    "et": 0.7316890881913304,
    "fi": 0.5911808669656203,
    "fr": 0.8781763826606876,
    "frm": 0,
    "he": 0.9618834080717489,
    "hr": 0.032137518684603884,
    "hu": 0.727204783258595,
    "id": 0.5485799701046338,
    "it": 0.9020926756352765,
    "ka": 0,
    "ko": 0.30269058295964124,
    "la": 0,
    "lb_LU": 0,
    "lt": 0.09043348281016443,
    "lv": 0.336322869955157,
    "nb_NO": 0.011210762331838564,
    "nl": 0.4633781763826607,
    "nl_BE": 0.64050822122571,
    "pl": 0.9260089686098655,
    "pt_BR": 0.9678624813153961,
    "pt_PT": 0.7077727952167414,
    "ro": 0.023168908819133034,
    "ru": 0.9073243647234679,
    "si_LK": 0.004484304932735426,
    "sk": 0.6270553064275037,
    "sr_Cyrl": 0.3146487294469357,
    "sr_Latn": 0.2384155455904335,
    "sv": 0.5373692077727952,
    "th_TH": 0.2795216741405082,
    "tr": 1,
    "uk": 1,
    "vi": 0,
    "zh_CN": 0.9678624813153961,
    "zh_TW": 0.6666666666666666
  }
}
