{
  "TranslationProgress": {
    "af": 0,
    "ar": 0.011084718923198733,
    "bg": 1,
    "ca": 0.9200316706254948,
    "cs": 0.9588281868566905,
    "da": 0.004750593824228029,
    "de": 0.8004750593824228,
    "el": 0.0166270783847981,
    "en": 1,
    "eo": 0.33174980205859067,
    "es": 0.9469517022961204,
    "es_AR": 0.15993665874901028,
    "et": 0.7751385589865399,
    "fi": 0.6262866191607285,
    "fr": 0.6397466349960411,
    "frm": 0,
    "he": 1,
    "hr": 0.034045922406967535,
    "hu": 0.7640538400633412,
    "id": 0.5811559778305622,
    "it": 0.950910530482977,
    "ka": 0,
    "ko": 0.32066508313539194,
    "la": 0,
    "lb_LU": 0,
    "lt": 0.0958036421219319,
    "lv": 0.35629453681710216,
    "nb_NO": 0.011876484560570071,
    "nl": 0.4908946951702296,
    "nl_BE": 0.6785431512272367,
    "pl": 0.9722882026920031,
    "pt_BR": 0.9881235154394299,
    "pt_PT": 0.7379255740300871,
    "ro": 0,
    "ru": 0.9619952494061758,
    "si_LK": 0.004750593824228029,
    "sk": 0.665083135391924,
    "sr_Cyrl": 0.3333333333333333,
    "sr_Latn": 0.25257323832145684,
    "sv": 0.5233570863024545,
    "th_TH": 0.29612034837688045,
    "tr": 1,
    "uk": 0.9992082343626286,
    "vi": 0,
    "zh_CN": 0.9770387965162312,
    "zh_TW": 0.7062549485352335
  }
}
