{
    "TranslationProgress": {
        "frm": 0,
        "uk": 0.0016286644951140066,
        "bg": 0.9874213836477987,
        "ca": 0.9481132075471698,
        "cs": 0.8962264150943396,
        "de": 0.9622641509433962,
        "eo": 0.7452830188679245,
        "es": 0.8647798742138365,
        "es_AR": 0.020440251572327043,
        "et": 0.03930817610062893,
        "fi": 0.7468553459119497,
        "fr": 0.949685534591195,
        "he": 0.9874213836477987,
        "id": 0.9261006289308176,
        "it": 0.9874213836477987,
        "ko": 0.710691823899371,
        "la": 0.0015723270440251573,
        "lb_LU": 0,
        "lt": 0,
        "lv": 0.4088050314465409,
        "nl": 0.5188679245283019,
        "nl_BE": 0.7437106918238994,
        "pl": 0.7861635220125787,
        "pt_BR": 0.9638364779874213,
        "pt_PT": 0.9622641509433962,
        "ru": 0.9638364779874213,
        "si_LK": 0.0031446540880503146,
        "sr_Cyrl": 0.7091194968553459,
        "sr_Latn": 0.5455974842767296,
        "sv": 0.6037735849056604,
        "th_TH": 0.6147798742138365,
        "tr": 0.9638364779874213,
        "zh_CN": 0.9858490566037735,
        "zh_TW": 0.5644654088050315,
        "en": 1
    }
}