{
  "TranslationProgress": {
    "af": 0,
    "ar": 0.00749375520399667,
    "bg": 0.984179850124896,
    "ca": 0.9608659450457951,
    "cs": 0.7277268942547876,
    "da": 0.004995836802664446,
    "de": 0.8126561199000832,
    "el": 0.017485428809325562,
    "en": 1,
    "eo": 0.34970857618651124,
    "es": 0.7626977518734388,
    "es_AR": 0.16819317235636969,
    "et": 0.8051623646960866,
    "fi": 0.5861781848459617,
    "fr": 0.6394671107410491,
    "frm": 0,
    "he": 0.9941715237302248,
    "hu": 0.7893422148209825,
    "id": 0.4870940882597835,
    "it": 0.9941715237302248,
    "ka": 0,
    "ko": 0.33805162364696084,
    "la": 0,
    "lb_LU": 0,
    "lt": 0.10074937552039967,
    "lv": 0.37468776019983346,
    "nb_NO": 0.012489592006661115,
    "nl": 0.5029142381348876,
    "nl_BE": 0.7152373022481265,
    "pl": 0.9467110741049126,
    "pt_BR": 0.97751873438801,
    "pt_PT": 0.7643630308076603,
    "ro": 0,
    "ru": 0.9575353871773522,
    "si_LK": 0.004995836802664446,
    "sk": 0.6902581182348043,
    "sr_Cyrl": 0.3513738551207327,
    "sr_Latn": 0.2664446294754371,
    "sv": 0.5512073272273106,
    "th_TH": 0.3122398001665279,
    "tr": 0.9941715237302248,
    "uk": 0.9616985845129059,
    "vi": 0,
    "zh_CN": 0.9383846794338052,
    "zh_TW": 0.7443796835970025
  }
}
