{
  "TranslationProgress": {
    "af": 0.005592272496187087,
    "ar": 0.021352313167259787,
    "be": 0.005083884087442806,
    "bg": 0.7310625317742755,
    "bn": 0.0157600406710727,
    "ca": 0.5795627859684799,
    "cs": 0.646670055922725,
    "da": 0.003050330452465684,
    "de": 0.7020843924758515,
    "el": 0.010676156583629894,
    "en": 1,
    "eo": 0.2313167259786477,
    "es": 0.6695475343162176,
    "es_AR": 0.13472292831723437,
    "et": 0.48906964921199797,
    "fi": 0.44026436197254704,
    "fr": 0.7346212506354856,
    "frm": 0,
    "he": 0.6375190645653279,
    "hr": 0.042196237925775294,
    "hu": 0.5083884087442806,
    "id": 0.373157092018302,
    "it": 0.607015760040671,
    "ka": 0,
    "ko": 0.2719877986781901,
    "la": 0.031011692933401117,
    "lb_LU": 0.03304524656837824,
    "lt": 0.186578546009151,
    "lv": 0.23029994916115912,
    "mk": 0.010167768174885612,
    "nb_NO": 0.03762074224707677,
    "nl": 0.7986781901372648,
    "nl_BE": 0.5363497712252161,
    "pl": 0.7031011692933401,
    "pt_BR": 0.820538891713269,
    "pt_PT": 0.7727503812913066,
    "ro": 0.06914082358922216,
    "ru": 0.8795119471276055,
    "si_LK": 0.003050330452465684,
    "sk": 0.4245043213014743,
    "sr_Cyrl": 0.21301474326385358,
    "sr_Latn": 0.16115912557193696,
    "sv": 0.36959837315709204,
    "th_TH": 0.1840366039654296,
    "tok": 0.027961362480935434,
    "tr": 1,
    "uk": 0.8678190137264871,
    "vi": 0,
    "zh_CN": 1,
    "zh_TW": 1
  }
}
