{
  "TranslationProgress": {
    "af": 0.005189029,
    "ar": 0.18050408,
    "be": 0.0037064492,
    "bg": 0.506301,
    "bn": 0.010748703,
    "ca": 0.38510007,
    "cs": 0.6111935,
    "da": 0.8869533,
    "de": 0.750556,
    "el": 0.0022238696,
    "en": 1,
    "eo": 0.14492217,
    "es": 0.6352854,
    "es_AR": 0.115641214,
    "et": 0.3209785,
    "fi": 0.31097108,
    "fr": 0.8009637,
    "frm": 0,
    "gsw": 0.38065234,
    "he": 0.42698294,
    "hr": 0.02928095,
    "hu": 0.4688658,
    "id": 0.24759081,
    "it": 0.5237213,
    "ja": 0.14640474,
    "ka": 0.8636027,
    "ko": 0.20570794,
    "la": 0.0181616,
    "lb_LU": 0.13899185,
    "lt": 0.15567087,
    "lv": 0.15307635,
    "mk": 0.05263158,
    "nb_NO": 0.044106744,
    "nl": 0.61564124,
    "nl_BE": 0.40289104,
    "pl": 0.77131206,
    "pt_BR": 0.86545587,
    "pt_PT": 0.5252039,
    "ro": 0.041882876,
    "ru": 0.9985174,
    "si_LK": 0.0022238696,
    "sk": 0.30207562,
    "sr_Cyrl": 0.13269088,
    "sr_Latn": 0.09785026,
    "sv": 0.28280208,
    "th_TH": 0.11452928,
    "tok": 0.01964418,
    "tr": 0.9992587,
    "tt": 0.016308377,
    "uk": 0.7386953,
    "vi": 0.044848036,
    "zh_CN": 0.9992587,
    "zh_TW": 0.97961456
  },
  "InternalName": null
}
