{
  "TranslationProgress": {
    "af": 0.004573805,
    "ar": 0.015384615,
    "be": 0.004158004,
    "bg": 0.5675676,
    "bn": 0.012474013,
    "ca": 0.45363826,
    "cs": 0.52058214,
    "da": 0.00997921,
    "de": 0.54594594,
    "el": 0.0024948025,
    "en": 1,
    "eo": 0.17297298,
    "es": 0.6719335,
    "es_AR": 0.12889813,
    "et": 0.38253638,
    "fi": 0.34885654,
    "fr": 0.7434511,
    "frm": 0,
    "he": 0.4977131,
    "hr": 0.031600833,
    "hu": 0.44199583,
    "id": 0.27983367,
    "it": 0.5675676,
    "ja": 0.0054054055,
    "ka": 0.87151766,
    "ko": 0.24282745,
    "la": 0.02079002,
    "lb_LU": 0.15883575,
    "lt": 0.14927235,
    "lv": 0.17338878,
    "mk": 0.012058212,
    "nb_NO": 0.029106028,
    "nl": 0.637422,
    "nl_BE": 0.41663203,
    "pl": 0.6203742,
    "pt_BR": 0.8245322,
    "pt_PT": 0.6079002,
    "ro": 0.04823285,
    "ru": 0.839501,
    "si_LK": 0.0024948025,
    "sk": 0.33471933,
    "sr_Cyrl": 0.15883575,
    "sr_Latn": 0.116839916,
    "sv": 0.3018711,
    "th_TH": 0.13555093,
    "tok": 0.022869023,
    "tr": 0.9954262,
    "tt": 0,
    "uk": 0.73679835,
    "vi": 0,
    "zh_CN": 0.8640333,
    "zh_TW": 0.975052
  },
  "InternalName": null
}
