{
  "TranslationProgress": {
    "af": 0.005910800644814616,
    "ar": 0.022568511552928532,
    "be": 0.0053734551316496505,
    "bg": 0.7495969908651263,
    "bn": 0.016657710908113917,
    "ca": 0.6217087587318646,
    "cs": 0.6931757119828049,
    "da": 0.0032240730789897904,
    "de": 0.7254164427727029,
    "el": 0.011284255776464266,
    "en": 1,
    "eo": 0.24717893605588392,
    "es": 0.7173562600752283,
    "es_AR": 0.13917248790972594,
    "et": 0.5249865663621709,
    "fi": 0.46534121440085974,
    "fr": 0.7850617947340139,
    "frm": 0,
    "he": 0.6835034927458356,
    "hr": 0.027941966684578184,
    "hu": 0.5464803868887694,
    "id": 0.3922622246104245,
    "it": 0.647501343363783,
    "ka": 0,
    "ko": 0.28855454056958624,
    "la": 0.03277807630306287,
    "lb_LU": 0,
    "lt": 0.19881783987103707,
    "lv": 0.2477162815690489,
    "mk": 0.010746910263299301,
    "nb_NO": 0.039763567974207416,
    "nl": 0.8527673293927995,
    "nl_BE": 0.45943041375604515,
    "pl": 0.7345513164965073,
    "pt_BR": 0.7748522299838796,
    "pt_PT": 0.5110155830198818,
    "ro": 0.02095647501343364,
    "ru": 0.908651262761956,
    "si_LK": 0.0032240730789897904,
    "sk": 0.4572810317033853,
    "sr_Cyrl": 0.2262224610424503,
    "sr_Latn": 0.17141321869962386,
    "sv": 0.3981730252552391,
    "th_TH": 0.2015045674368619,
    "tok": 0.02955400322407308,
    "tr": 0.8860827512090274,
    "uk": 0.8495432563138098,
    "vi": 0,
    "zh_CN": 0.8801719505642128,
    "zh_TW": 0.6550241805480924
  }
}
