{
    "TranslationProgress": {
        "af": 0,
        "bg": 0.9791013584117032,
        "ca": 0.9425287356321839,
        "cs": 0.9278996865203761,
        "da": 0,
        "de": 0.9717868338557993,
        "el": 0.0220125786163522,
        "en": 1,
        "eo": 0.4535005224660397,
        "es": 0.9331243469174504,
        "es_AR": 0.21212121212121213,
        "et": 0.02612330198537095,
        "fi": 0.5924764890282131,
        "fr": 0.7899686520376176,
        "frm": 0,
        "he": 0.7669801462904912,
        "hu": 0.8296760710553814,
        "id": 0.6269592476489029,
        "it": 0.9895506792058516,
        "ka": 0,
        "ko": 0.43051201671891326,
        "la": 0.0010449320794148381,
        "lb_LU": 0,
        "lt": 0,
        "lv": 0.47439916405433646,
        "nl": 0.4430512016718913,
        "nl_BE": 0.8934169278996865,
        "pl": 0.7920585161964472,
        "pt_BR": 0.9885057471264368,
        "pt_PT": 0.9759665621734587,
        "ro": 0,
        "ru": 0.9832810867293625,
        "si_LK": 0.006269592476489028,
        "sr_Cyrl": 0.45454545454545453,
        "sr_Latn": 0.3490073145245559,
        "sv": 0.5987460815047022,
        "th_TH": 0.3949843260188088,
        "tr": 0.9968652037617555,
        "uk": 0.9968652037617555,
        "zh_CN": 0.9968652037617555,
        "zh_TW": 0.9404388714733543
    }
}