{
  "TranslationProgress": {
    "af": 0.005332040717401842,
    "ar": 0.02035870092098885,
    "be": 0.004847309743092583,
    "bg": 0.6878332525448376,
    "bn": 0.014057198254968492,
    "ca": 0.5511391177896268,
    "cs": 0.6073679108095007,
    "da": 0.0116335433834222,
    "de": 0.6602035870092099,
    "el": 0.010179350460494426,
    "en": 1,
    "eo": 0.21909840038778478,
    "es": 0.6442074648570043,
    "es_AR": 0.12942317014057197,
    "et": 0.46485700436257876,
    "fi": 0.4188075618031992,
    "fr": 0.8681531749878817,
    "frm": 0,
    "he": 0.6034900630150266,
    "hr": 0.03926320891904993,
    "hu": 0.48327678138633057,
    "id": 0.347067377605429,
    "it": 0.575860397479399,
    "ka": 0.8744546776539021,
    "ko": 0.25109064469219583,
    "la": 0.028599127484246242,
    "lb_LU": 0.031507513330101794,
    "lt": 0.17498788172564228,
    "lv": 0.21909840038778478,
    "mk": 0.009694619486185167,
    "nb_NO": 0.0349006301502666,
    "nl": 0.7518177411536597,
    "nl_BE": 0.5070285991274842,
    "pl": 0.7198254968492487,
    "pt_BR": 0.7770237518177412,
    "pt_PT": 0.7309743092583616,
    "ro": 0.06446921958313136,
    "ru": 0.9132331555986427,
    "si_LK": 0.00290838584585555,
    "sk": 0.40426563257392145,
    "sr_Cyrl": 0.20213281628696073,
    "sr_Latn": 0.1526902569074164,
    "sv": 0.36015511391177896,
    "th_TH": 0.17450315075133302,
    "tok": 0.02666020358700921,
    "tr": 1,
    "uk": 0.8492486669898206,
    "vi": 0,
    "zh_CN": 0.9907901114881241,
    "zh_TW": 0.9912748424624334
  }
}
