{
  "TranslationProgress": {
    "af": 0.0054263566,
    "ar": 0.013953488,
    "be": 0.003875969,
    "bg": 0.51240313,
    "bn": 0.011627907,
    "ca": 0.41046512,
    "cs": 0.4748062,
    "da": 0.009302326,
    "de": 0.7790698,
    "el": 0.0023255814,
    "en": 1,
    "eo": 0.15387596,
    "es": 0.61782944,
    "es_AR": 0.12015504,
    "et": 0.34031007,
    "fi": 0.32015502,
    "fr": 0.7608527,
    "frm": 0,
    "gsw": 0.3875969,
    "he": 0.45465118,
    "hr": 0.02868217,
    "hu": 0.43139535,
    "id": 0.25310078,
    "it": 0.53527135,
    "ja": 0.013565891,
    "ka": 0.8631783,
    "ko": 0.21782945,
    "la": 0.019379845,
    "lb_LU": 0.14689922,
    "lt": 0.1383721,
    "lv": 0.16124031,
    "mk": 0.01124031,
    "nb_NO": 0.047286823,
    "nl": 0.6302326,
    "nl_BE": 0.38100776,
    "pl": 0.5833333,
    "pt_BR": 0.8670543,
    "pt_PT": 0.5562016,
    "ro": 0.04496124,
    "ru": 0.9910853,
    "si_LK": 0.0023255814,
    "sk": 0.31976745,
    "sr_Cyrl": 0.14069767,
    "sr_Latn": 0.10387597,
    "sv": 0.3003876,
    "th_TH": 0.12093023,
    "tok": 0.02131783,
    "tr": 0.9910853,
    "tt": 0.0015503876,
    "uk": 0.74379843,
    "vi": 0.015503876,
    "zh_CN": 0.8492248,
    "zh_TW": 0.9844961
  },
  "InternalName": null
}
