{
  "TranslationProgress": {
    "af": 0.005720228809152366,
    "ar": 0.0218408736349454,
    "be": 0.005200208008320333,
    "bg": 0.8195527821112845,
    "bn": 0.01612064482579303,
    "ca": 0.6011440457618304,
    "cs": 0.6703068122724909,
    "da": 0.0031201248049922,
    "de": 0.7035881435257411,
    "el": 0.0109204368174727,
    "en": 1,
    "eo": 0.2392095683827353,
    "es": 0.6931877275091004,
    "es_AR": 0.13468538741549663,
    "et": 0.5075403016120645,
    "fi": 0.4513780551222049,
    "fr": 0.7592303692147686,
    "frm": 0,
    "he": 0.6609464378575143,
    "hr": 0.02704108164326573,
    "hu": 0.5283411336453459,
    "id": 0.38949557982319294,
    "it": 0.6297451898075923,
    "ka": 0,
    "ko": 0.2792511700468019,
    "la": 0.031721268850754034,
    "lb_LU": 0,
    "lt": 0.19240769630785232,
    "lv": 0.2392095683827353,
    "mk": 0.010400416016640665,
    "nb_NO": 0.03848153926157046,
    "nl": 0.8242329693187728,
    "nl_BE": 0.5564222568902756,
    "pl": 0.7212688507540301,
    "pt_BR": 0.8320332813312532,
    "pt_PT": 0.8023920956838273,
    "ro": 0.0202808112324493,
    "ru": 0.9240769630785232,
    "si_LK": 0.0031201248049922,
    "sk": 0.4420176807072283,
    "sr_Cyrl": 0.218928757150286,
    "sr_Latn": 0.16588663546541862,
    "sv": 0.38533541341653665,
    "th_TH": 0.19500780031201248,
    "tok": 0.02860114404576183,
    "tr": 0.9266770670826833,
    "uk": 0.8387935517420697,
    "vi": 0,
    "zh_CN": 0.9625585023400937,
    "zh_TW": 0.998959958398336
  }
}
