{
  "TranslationProgress": {
    "af": 0.005263158,
    "ar": 0.18383458,
    "be": 0.0037593986,
    "bg": 0.5180451,
    "bn": 0.011278195,
    "ca": 0.39360902,
    "cs": 0.62406015,
    "da": 0.90639096,
    "de": 0.7676692,
    "el": 0.002255639,
    "en": 1,
    "eo": 0.14849624,
    "es": 0.65,
    "es_AR": 0.118045114,
    "et": 0.32781956,
    "fi": 0.31654134,
    "fr": 0.8278195,
    "frm": 0,
    "gsw": 0.3879699,
    "he": 0.43646616,
    "hr": 0.030451128,
    "hu": 0.4793233,
    "id": 0.24473684,
    "it": 0.52293235,
    "ja": 0.14924812,
    "ka": 0.86729324,
    "ko": 0.21015038,
    "la": 0.018421052,
    "lb_LU": 0.14210527,
    "lt": 0.13383459,
    "lv": 0.15601504,
    "mk": 0.054135337,
    "nb_NO": 0.045488723,
    "nl": 0.62857145,
    "nl_BE": 0.4112782,
    "pl": 0.762406,
    "pt_BR": 0.8887218,
    "pt_PT": 0.53609025,
    "ro": 0.04323308,
    "ru": 0.99924815,
    "si_LK": 0.002255639,
    "sk": 0.30789474,
    "sr_Cyrl": 0.13609022,
    "sr_Latn": 0.10075188,
    "sv": 0.28834587,
    "th_TH": 0.11729323,
    "tok": 0.020676691,
    "tr": 0.9996241,
    "tt": 0.016917294,
    "uk": 0.7522556,
    "vi": 0.0462406,
    "zh_CN": 0.9996241,
    "zh_TW": 0.9943609
  },
  "InternalName": null
}
