{
  "TranslationProgress": {
    "af": 0.00701530612244898,
    "ar": 0.026785714285714284,
    "be": 0,
    "bg": 0.8896683673469388,
    "bn": 0.019770408163265307,
    "ca": 0.7378826530612245,
    "cs": 0.8227040816326531,
    "da": 0.003826530612244898,
    "de": 0.8596938775510204,
    "el": 0.013392857142857142,
    "en": 1,
    "eo": 0.26658163265306123,
    "es": 0.8514030612244898,
    "es_AR": 0.12946428571428573,
    "et": 0.6230867346938775,
    "fi": 0.548469387755102,
    "fr": 0.7646683673469388,
    "frm": 0,
    "he": 0.8112244897959183,
    "hr": 0.03316326530612245,
    "hu": 0.6485969387755102,
    "id": 0.4655612244897959,
    "it": 0.7684948979591837,
    "ka": 0,
    "ko": 0.3424744897959184,
    "la": 0.0389030612244898,
    "lb_LU": 0,
    "lt": 0.10012755102040816,
    "lv": 0.2940051020408163,
    "mk": 0.012755102040816327,
    "nb_NO": 0.047193877551020405,
    "nl": 0.9636479591836735,
    "nl_BE": 0.545280612244898,
    "pl": 0.8718112244897959,
    "pt_BR": 0.9196428571428571,
    "pt_PT": 0.6065051020408163,
    "ro": 0.024872448979591837,
    "ru": 0.9974489795918368,
    "si_LK": 0.003826530612244898,
    "sk": 0.5427295918367347,
    "sr_Cyrl": 0.2684948979591837,
    "sr_Latn": 0.20344387755102042,
    "sv": 0.4725765306122449,
    "th_TH": 0.23915816326530612,
    "tok": 0.035076530612244895,
    "tr": 0.9974489795918368,
    "uk": 0.96875,
    "vi": 0,
    "zh_CN": 0.985969387755102,
    "zh_TW": 0.7346938775510204
  }
}
