{
  "TranslationProgress": {
    "af": 0,
    "ar": 0.018505338078291814,
    "bg": 0.9508896797153025,
    "ca": 0.8320284697508897,
    "cs": 0.8782918149466192,
    "da": 0.004270462633451958,
    "de": 0.9565836298932384,
    "el": 0.01494661921708185,
    "en": 1,
    "eo": 0.298932384341637,
    "es": 0.9409252669039145,
    "es_AR": 0.14448398576512456,
    "et": 0.697508896797153,
    "fi": 0.6099644128113879,
    "fr": 0.8370106761565836,
    "frm": 0,
    "he": 0.9145907473309609,
    "hr": 0.030604982206405694,
    "hu": 0.6932384341637011,
    "id": 0.5209964412811388,
    "it": 0.8661921708185053,
    "ka": 0,
    "ko": 0.38434163701067614,
    "la": 0,
    "lb_LU": 0,
    "lt": 0.08612099644128114,
    "lv": 0.3209964412811388,
    "nb_NO": 0.010676156583629894,
    "nl": 0.7195729537366548,
    "nl_BE": 0.61067615658363,
    "pl": 0.8825622775800712,
    "pt_BR": 0.9722419928825623,
    "pt_PT": 0.6775800711743772,
    "ro": 0.02206405693950178,
    "ru": 0.9971530249110321,
    "si_LK": 0.004270462633451958,
    "sk": 0.6113879003558719,
    "sr_Cyrl": 0.300355871886121,
    "sr_Latn": 0.2277580071174377,
    "sv": 0.5138790035587188,
    "th_TH": 0.2669039145907473,
    "tok": 0.007829181494661922,
    "tr": 0.9871886120996441,
    "uk": 0.9601423487544484,
    "vi": 0,
    "zh_CN": 0.9857651245551602,
    "zh_TW": 0.6676156583629893
  }
}
