{
  "TranslationProgress": {
    "af": 0.005904455179817499,
    "ar": 0.02254428341384863,
    "be": 0.005367686527106817,
    "bg": 0.748792270531401,
    "bn": 0.016639828234031134,
    "ca": 0.6210413311862587,
    "cs": 0.6924315619967794,
    "da": 0.00322061191626409,
    "de": 0.7246376811594203,
    "el": 0.011272141706924315,
    "en": 1,
    "eo": 0.24691358024691357,
    "es": 0.71658615136876,
    "es_AR": 0.13902308105206657,
    "et": 0.524422973698336,
    "fi": 0.46537842190016104,
    "fr": 0.784219001610306,
    "frm": 0,
    "he": 0.6827697262479872,
    "hr": 0.027911969940955447,
    "hu": 0.5458937198067633,
    "id": 0.39184111647879766,
    "it": 0.6505636070853462,
    "ka": 0,
    "ko": 0.2882447665056361,
    "la": 0.03274288781535158,
    "lb_LU": 0,
    "lt": 0.19860440150295222,
    "lv": 0.24745034889962425,
    "mk": 0.010735373054213635,
    "nb_NO": 0.03972088030059045,
    "nl": 0.8518518518518519,
    "nl_BE": 0.45893719806763283,
    "pl": 0.7337627482555019,
    "pt_BR": 0.8255501878690285,
    "pt_PT": 0.5104669887278583,
    "ro": 0.020933977455716585,
    "ru": 0.9076757917337628,
    "si_LK": 0.00322061191626409,
    "sk": 0.4567901234567901,
    "sr_Cyrl": 0.225979602791197,
    "sr_Latn": 0.17122920021470747,
    "sv": 0.3977455716586151,
    "th_TH": 0.20128824476650564,
    "tok": 0.029522275899087493,
    "tr": 0.9044551798174987,
    "uk": 0.8556092324208266,
    "vi": 0,
    "zh_CN": 0.8792270531400966,
    "zh_TW": 1
  }
}
