{
  "TranslationProgress": {
    "af": 0.00541871921182266,
    "ar": 0.020689655172413793,
    "be": 0.0049261083743842365,
    "bg": 0.7068965517241379,
    "bn": 0.015270935960591134,
    "ca": 0.5605911330049261,
    "cs": 0.6251231527093596,
    "da": 0.002955665024630542,
    "de": 0.6788177339901478,
    "el": 0.010344827586206896,
    "en": 1,
    "eo": 0.2231527093596059,
    "es": 0.6536945812807882,
    "es_AR": 0.13054187192118227,
    "et": 0.4729064039408867,
    "fi": 0.4266009852216749,
    "fr": 0.8482758620689655,
    "frm": 0,
    "he": 0.6211822660098523,
    "hr": 0.040886699507389164,
    "hu": 0.49261083743842365,
    "id": 0.3605911330049261,
    "it": 0.587192118226601,
    "ka": 0,
    "ko": 0.2625615763546798,
    "la": 0.030049261083743842,
    "lb_LU": 0.03201970443349754,
    "lt": 0.1807881773399015,
    "lv": 0.2231527093596059,
    "mk": 0.009852216748768473,
    "nb_NO": 0.03645320197044335,
    "nl": 0.7724137931034483,
    "nl_BE": 0.5187192118226601,
    "pl": 0.7399014778325124,
    "pt_BR": 0.7935960591133004,
    "pt_PT": 0.7472906403940887,
    "ro": 0.06699507389162561,
    "ru": 0.8532019704433498,
    "si_LK": 0.002955665024630542,
    "sk": 0.41133004926108374,
    "sr_Cyrl": 0.20541871921182267,
    "sr_Latn": 0.15517241379310345,
    "sv": 0.37142857142857144,
    "th_TH": 0.17733990147783252,
    "tok": 0.027093596059113302,
    "tr": 0.9881773399014778,
    "uk": 0.8527093596059113,
    "vi": 0,
    "zh_CN": 0.9881773399014778,
    "zh_TW": 0.9881773399014778
  }
}
