{
  "TranslationProgress": {
    "af": 0.00531511,
    "ar": 0.13667426,
    "be": 0.0037965071,
    "bg": 0.49430525,
    "bn": 0.011389522,
    "ca": 0.3990129,
    "cs": 0.46203494,
    "da": 0.009111618,
    "de": 0.77752465,
    "el": 0.0022779044,
    "en": 1,
    "eo": 0.15072134,
    "es": 0.65831435,
    "es_AR": 0.119210325,
    "et": 0.33181474,
    "fi": 0.3120729,
    "fr": 0.7919514,
    "frm": 0,
    "gsw": 0.39331815,
    "he": 0.44229308,
    "hr": 0.030751709,
    "hu": 0.48481396,
    "id": 0.24791192,
    "it": 0.523918,
    "ja": 0.15072134,
    "ka": 0.87015945,
    "ko": 0.21298406,
    "la": 0.018602885,
    "lb_LU": 0.14350797,
    "lt": 0.13515566,
    "lv": 0.1579347,
    "mk": 0.054669704,
    "nb_NO": 0.045937736,
    "nl": 0.61237663,
    "nl_BE": 0.3712984,
    "pl": 0.7551253,
    "pt_BR": 0.8796507,
    "pt_PT": 0.5429005,
    "ro": 0.043659832,
    "ru": 0.99240696,
    "si_LK": 0.0022779044,
    "sk": 0.31169325,
    "sr_Cyrl": 0.13781321,
    "sr_Latn": 0.101746395,
    "sv": 0.29195142,
    "th_TH": 0.11845102,
    "tok": 0.02088079,
    "tr": 0.9996204,
    "tt": 0.0015186028,
    "uk": 0.7262718,
    "vi": 0.04669704,
    "zh_CN": 0.8997722,
    "zh_TW": 0.9939256
  },
  "InternalName": null
}
