{
    "TranslationProgress": {
        "af": 0,
        "bg": 0.9967532467532467,
        "ca": 0.9902597402597403,
        "cs": 0.974025974025974,
        "da": 0,
        "de": 0.9902597402597403,
        "en": 0.9989177489177489,
        "eo": 0.5075757575757576,
        "es": 0.9902597402597403,
        "es_AR": 0.22294372294372294,
        "et": 0.027056277056277056,
        "fi": 0.5941558441558441,
        "fr": 0.8582251082251082,
        "frm": 0,
        "he": 0.8365800865800865,
        "hu": 0.788961038961039,
        "id": 0.6904761904761905,
        "it": 0.9989177489177489,
        "ko": 0.4837662337662338,
        "la": 0.0010822510822510823,
        "lb_LU": 0,
        "lt": 0,
        "lv": 0.5162337662337663,
        "nl": 0.4707792207792208,
        "nl_BE": 0.9696969696969697,
        "pl": 0.8625541125541125,
        "pt_BR": 0.9902597402597403,
        "pt_PT": 0.8257575757575758,
        "ro": 0,
        "ru": 0.9880952380952381,
        "si_LK": 0.007575757575757576,
        "sr_Cyrl": 0.48268398268398266,
        "sr_Latn": 0.3722943722943723,
        "sv": 0.461038961038961,
        "th_TH": 0.420995670995671,
        "tr": 0.9902597402597403,
        "uk": 0.5021645021645021,
        "zh_CN": 0.9902597402597403,
        "zh_TW": 0.3841991341991342
    }
}