{
  "TranslationProgress": {
    "af": 0.005589430894308943,
    "ar": 0.021341463414634148,
    "be": 0.00508130081300813,
    "bg": 0.7306910569105691,
    "bn": 0.015752032520325202,
    "ca": 0.5792682926829268,
    "cs": 0.6463414634146342,
    "da": 0.003048780487804878,
    "de": 0.7017276422764228,
    "el": 0.010670731707317074,
    "en": 1,
    "eo": 0.23119918699186992,
    "es": 0.6753048780487805,
    "es_AR": 0.13465447154471544,
    "et": 0.4888211382113821,
    "fi": 0.4400406504065041,
    "fr": 0.8663617886178862,
    "frm": 0,
    "he": 0.6417682926829268,
    "hr": 0.04217479674796748,
    "hu": 0.508130081300813,
    "id": 0.37296747967479676,
    "it": 0.6067073170731707,
    "ka": 0,
    "ko": 0.27184959349593496,
    "la": 0.030995934959349592,
    "lb_LU": 0.033028455284552845,
    "lt": 0.18648373983739838,
    "lv": 0.2301829268292683,
    "mk": 0.01016260162601626,
    "nb_NO": 0.037601626016260166,
    "nl": 0.7982723577235772,
    "nl_BE": 0.5360772357723578,
    "pl": 0.7027439024390244,
    "pt_BR": 0.8201219512195121,
    "pt_PT": 0.7723577235772358,
    "ro": 0.06910569105691057,
    "ru": 0.8790650406504065,
    "si_LK": 0.003048780487804878,
    "sk": 0.4242886178861789,
    "sr_Cyrl": 0.21290650406504066,
    "sr_Latn": 0.16107723577235772,
    "sv": 0.38414634146341464,
    "th_TH": 0.1839430894308943,
    "tok": 0.027947154471544715,
    "tr": 0.9994918699186992,
    "uk": 0.8810975609756098,
    "vi": 0,
    "zh_CN": 0.9994918699186992,
    "zh_TW": 0.9994918699186992
  }
}
