{
    "TranslationProgress": {
        "af": 0,
        "ar": 0.0078125,
        "bg": 0.9930555555555556,
        "ca": 0.859375,
        "cs": 0.7586805555555556,
        "da": 0,
        "de": 0.8463541666666666,
        "el": 0.018229166666666668,
        "en": 1,
        "eo": 0.3645833333333333,
        "es": 0.7951388888888888,
        "es_AR": 0.1753472222222222,
        "et": 0.8402777777777778,
        "fi": 0.6085069444444444,
        "fr": 0.6423611111111112,
        "frm": 0,
        "he": 0.9930555555555556,
        "hu": 0.8237847222222222,
        "id": 0.5078125,
        "it": 0.9861111111111112,
        "ka": 0,
        "ko": 0.3524305555555556,
        "la": 0,
        "lb_LU": 0,
        "lt": 0,
        "lv": 0.390625,
        "nl": 0.4019097222222222,
        "nl_BE": 0.7317708333333334,
        "pl": 0.9201388888888888,
        "pt_BR": 0.9557291666666666,
        "pt_PT": 0.7977430555555556,
        "ro": 0,
        "ru": 0.8845486111111112,
        "si_LK": 0.005208333333333333,
        "sk": 0,
        "sr_Cyrl": 0.3663194444444444,
        "sr_Latn": 0.2777777777777778,
        "sv": 0.5755208333333334,
        "th_TH": 0.3255208333333333,
        "tr": 0.9930555555555556,
        "uk": 0.8854166666666666,
        "zh_CN": 0.8949652777777778,
        "zh_TW": 0.7725694444444444
    }
}