{
    "TranslationProgress": {
        "bg": 1,
        "ca": 0.9484536082474226,
        "cs": 0.9955817378497791,
        "da": 0,
        "de": 0.9440353460972017,
        "en": 1,
        "eo": 0.695139911634757,
        "es": 0.833578792341679,
        "es_AR": 0.01914580265095729,
        "et": 0.036818851251840944,
        "fi": 0.6966126656848306,
        "fr": 0.9646539027982327,
        "frm": 0,
        "he": 1,
        "id": 0.9425625920471281,
        "it": 1,
        "ko": 0.6627393225331369,
        "la": 0.0014727540500736377,
        "lb_LU": 0,
        "lt": 0,
        "lv": 0.38144329896907214,
        "nl": 0.6435935198821797,
        "nl_BE": 0.6936671575846833,
        "pl": 0.7334315169366715,
        "pt_BR": 0.9572901325478645,
        "pt_PT": 0.898379970544919,
        "ru": 0.9116347569955817,
        "si_LK": 0.010309278350515464,
        "sr_Cyrl": 0.6612665684830633,
        "sr_Latn": 0.508100147275405,
        "sv": 0.6303387334315169,
        "th_TH": 0.5743740795287187,
        "tr": 1,
        "uk": 0.10227272727272728,
        "zh_CN": 1,
        "zh_TW": 0.5272459499263623
    }
}