{
  "TranslationProgress": {
    "af": 0.0055910544,
    "ar": 0.014376997,
    "be": 0.0039936104,
    "bg": 0.53714055,
    "bn": 0.011980831,
    "ca": 0.4285144,
    "cs": 0.49201277,
    "da": 0.009584664,
    "de": 0.764377,
    "el": 0.002396166,
    "en": 1,
    "eo": 0.16333866,
    "es": 0.6381789,
    "es_AR": 0.12380192,
    "et": 0.360623,
    "fi": 0.336262,
    "fr": 0.7607827,
    "frm": 0,
    "gsw": 0.2891374,
    "he": 0.47044727,
    "hr": 0.029552715,
    "hu": 0.4201278,
    "id": 0.26557508,
    "it": 0.5539137,
    "ja": 0.013977636,
    "ka": 0.86741215,
    "ko": 0.22963259,
    "la": 0.019968051,
    "lb_LU": 0.15135783,
    "lt": 0.14297125,
    "lv": 0.16613418,
    "mk": 0.011581469,
    "nb_NO": 0.048722044,
    "nl": 0.6525559,
    "nl_BE": 0.3965655,
    "pl": 0.60023963,
    "pt_BR": 0.86541533,
    "pt_PT": 0.5766773,
    "ro": 0.046325877,
    "ru": 0.8278754,
    "si_LK": 0.002396166,
    "sk": 0.32108626,
    "sr_Cyrl": 0.14936103,
    "sr_Latn": 0.11142173,
    "sv": 0.31629393,
    "th_TH": 0.12939297,
    "tok": 0.021964855,
    "tr": 1,
    "tt": 0.0015974441,
    "uk": 0.7184505,
    "vi": 0,
    "zh_CN": 0.81709266,
    "zh_TW": 0.98322684
  },
  "InternalName": null
}
