{
  "TranslationProgress": {
    "af": 0.0048394194,
    "ar": 0.018477783,
    "be": 0.004399472,
    "bg": 0.62032557,
    "bn": 0.013198416,
    "ca": 0.49626043,
    "cs": 0.5472943,
    "da": 0.010558733,
    "de": 0.5956885,
    "el": 0.009238891,
    "en": 1,
    "eo": 0.19621645,
    "es": 0.5816102,
    "es_AR": 0.13154422,
    "et": 0.4183898,
    "fi": 0.37703475,
    "fr": 0.8046634,
    "frm": 0,
    "he": 0.5437747,
    "hr": 0.03739551,
    "hu": 0.43466783,
    "id": 0.31192258,
    "it": 0.5301364,
    "ka": 0.87637484,
    "ko": 0.22481303,
    "la": 0.025956886,
    "lb_LU": 0.17641883,
    "lt": 0.15882094,
    "lv": 0.19621645,
    "mk": 0.012758469,
    "nb_NO": 0.0316762,
    "nl": 0.69379675,
    "nl_BE": 0.4566652,
    "pl": 0.6493621,
    "pt_BR": 0.72723275,
    "pt_PT": 0.6599208,
    "ro": 0.05851298,
    "ru": 0.8741751,
    "si_LK": 0.0026396832,
    "sk": 0.3642763,
    "sr_Cyrl": 0.1808183,
    "sr_Latn": 0.13594368,
    "sv": 0.33435988,
    "th_TH": 0.1557413,
    "tok": 0.024197096,
    "tr": 1,
    "uk": 0.7743071,
    "vi": 0,
    "zh_CN": 0.9366476,
    "zh_TW": 1
  },
  "InternalName": null
}
