{
  "TranslationProgress": {
    "af": 0.007343124165554072,
    "ar": 0.028037383177570093,
    "bg": 0.9272363150867824,
    "ca": 0.7723631508678238,
    "cs": 0.8164218958611482,
    "da": 0.004005340453938585,
    "de": 0.8931909212283045,
    "el": 0.014018691588785047,
    "en": 1,
    "eo": 0.27903871829105475,
    "es": 0.8758344459279038,
    "es_AR": 0.13551401869158877,
    "et": 0.6522029372496663,
    "fi": 0.5674232309746329,
    "fr": 0.7977303070761015,
    "frm": 0,
    "he": 0.8491321762349799,
    "hr": 0.02870493991989319,
    "hu": 0.6448598130841121,
    "id": 0.48731642189586116,
    "it": 0.8044058744993324,
    "ka": 0,
    "ko": 0.35847797062750336,
    "la": 0.02336448598130841,
    "lb_LU": 0,
    "lt": 0.1048064085447263,
    "lv": 0.29973297730307075,
    "nb_NO": 0.049399198931909215,
    "nl": 0.992656875834446,
    "nl_BE": 0.5707610146862483,
    "pl": 0.8798397863818425,
    "pt_BR": 0.9499332443257676,
    "pt_PT": 0.6335113484646195,
    "ro": 0.0260347129506008,
    "ru": 1,
    "si_LK": 0.004005340453938585,
    "sk": 0.568090787716956,
    "sr_Cyrl": 0.281041388518024,
    "sr_Latn": 0.2129506008010681,
    "sv": 0.48397863818424564,
    "th_TH": 0.25033377837116155,
    "tok": 0.020026702269692925,
    "tr": 1,
    "uk": 0.985981308411215,
    "vi": 0,
    "zh_CN": 0.9699599465954606,
    "zh_TW": 0.7690253671562083
  }
}
