{
    "TranslationProgress": {
        "bg": 1,
        "ca": 0.8895027624309392,
        "cs": 0.9930939226519337,
        "da": 0,
        "de": 0.9682320441988951,
        "en": 1,
        "eo": 0.6519337016574586,
        "es": 0.7817679558011049,
        "es_AR": 0.017955801104972375,
        "et": 0.034530386740331494,
        "fi": 0.6533149171270718,
        "fr": 0.9046961325966851,
        "frm": 0,
        "he": 1,
        "hu": 0.08977900552486189,
        "id": 0.8839779005524862,
        "it": 1,
        "ko": 0.6215469613259669,
        "la": 0.0013812154696132596,
        "lb_LU": 0,
        "lt": 0,
        "lv": 0.35773480662983426,
        "nl": 0.6035911602209945,
        "nl_BE": 0.6505524861878453,
        "pl": 0.7209944751381215,
        "pt_BR": 0.9585635359116023,
        "pt_PT": 0.8425414364640884,
        "ru": 0.8549723756906077,
        "si_LK": 0.009668508287292817,
        "sr_Cyrl": 0.6201657458563536,
        "sr_Latn": 0.47651933701657456,
        "sv": 0.5911602209944752,
        "th_TH": 0.5386740331491713,
        "tr": 1,
        "uk": 0.09392265193370165,
        "zh_CN": 1,
        "zh_TW": 0.494475138121547
    }
}