{
  "TranslationProgress": {
    "af": 0.00475162,
    "ar": 0.01814255,
    "be": 0.0043196543,
    "bg": 0.6086393,
    "bn": 0.012958963,
    "ca": 0.48682505,
    "cs": 0.55680346,
    "da": 0.010367171,
    "de": 0.58444923,
    "el": 0.009071275,
    "en": 1,
    "eo": 0.19222462,
    "es": 0.57019436,
    "es_AR": 0.12915766,
    "et": 0.41036716,
    "fi": 0.37321815,
    "fr": 0.7913607,
    "frm": 0,
    "he": 0.5334773,
    "hr": 0.043196544,
    "hu": 0.42634988,
    "id": 0.30583152,
    "it": 0.5680345,
    "ka": 0.8768898,
    "ko": 0.22030237,
    "la": 0.02548596,
    "lb_LU": 0.17321815,
    "lt": 0.15593952,
    "lv": 0.19222462,
    "mk": 0.012526998,
    "nb_NO": 0.031101512,
    "nl": 0.68077755,
    "nl_BE": 0.44794816,
    "pl": 0.66177106,
    "pt_BR": 0.712311,
    "pt_PT": 0.64708424,
    "ro": 0.057451405,
    "ru": 0.85831535,
    "si_LK": 0.0025917927,
    "sk": 0.3576674,
    "sr_Cyrl": 0.17710583,
    "sr_Latn": 0.13347732,
    "sv": 0.3278618,
    "th_TH": 0.15291576,
    "tok": 0.023758098,
    "tr": 1,
    "uk": 0.762419,
    "vi": 0,
    "zh_CN": 0.91792655,
    "zh_TW": 0.99956805
  },
  "InternalName": null
}
