{
    "TranslationProgress": {
        "af": 0,
        "ar": 0.007785467128027681,
        "bg": 1,
        "ca": 0.9991349480968859,
        "cs": 0.7560553633217993,
        "da": 0.005190311418685121,
        "de": 0.8434256055363322,
        "el": 0.018166089965397925,
        "en": 1,
        "eo": 0.3633217993079585,
        "es": 0.7923875432525952,
        "es_AR": 0.17474048442906576,
        "et": 0.8373702422145328,
        "fi": 0.6098615916955017,
        "fr": 0.6643598615916955,
        "frm": 0,
        "he": 1,
        "hu": 0.8209342560553633,
        "id": 0.5060553633217993,
        "it": 1,
        "ka": 0,
        "ko": 0.35121107266435986,
        "la": 0,
        "lb_LU": 0,
        "lt": 0.1046712802768166,
        "lv": 0.3892733564013841,
        "nb_NO": 0.012975778546712802,
        "nl": 0.5025951557093425,
        "nl_BE": 0.7430795847750865,
        "pl": 0.9506920415224913,
        "pt_BR": 0.9965397923875432,
        "pt_PT": 0.7949826989619377,
        "ro": 0,
        "ru": 0.995674740484429,
        "si_LK": 0.005190311418685121,
        "sk": 0.7179930795847751,
        "sr_Cyrl": 0.36505190311418684,
        "sr_Latn": 0.2768166089965398,
        "sv": 0.5735294117647058,
        "th_TH": 0.32439446366782004,
        "tr": 1,
        "uk": 1,
        "zh_CN": 0.9714532871972318,
        "zh_TW": 0.773356401384083
    }
}