{
  "TranslationProgress": {
    "af": 0.0048608044,
    "ar": 0.018559434,
    "be": 0.004418913,
    "bg": 0.6230667,
    "bn": 0.013256739,
    "ca": 0.49845338,
    "cs": 0.5497128,
    "da": 0.010605391,
    "de": 0.59832084,
    "el": 0.009279717,
    "en": 1,
    "eo": 0.19708352,
    "es": 0.5841803,
    "es_AR": 0.1321255,
    "et": 0.4202386,
    "fi": 0.37870085,
    "fr": 0.80468404,
    "frm": 0,
    "he": 0.5461776,
    "hr": 0.03756076,
    "hu": 0.4365886,
    "id": 0.31330094,
    "it": 0.532479,
    "ka": 0.87538666,
    "ko": 0.22580644,
    "la": 0.026071586,
    "lb_LU": 0.17719841,
    "lt": 0.15952276,
    "lv": 0.19708352,
    "mk": 0.012814848,
    "nb_NO": 0.031816173,
    "nl": 0.68139637,
    "nl_BE": 0.45868316,
    "pl": 0.6522316,
    "pt_BR": 0.73044634,
    "pt_PT": 0.66283697,
    "ro": 0.058771543,
    "ru": 0.85594344,
    "si_LK": 0.0026513478,
    "sk": 0.365886,
    "sr_Cyrl": 0.18161732,
    "sr_Latn": 0.1365444,
    "sv": 0.325232,
    "th_TH": 0.15642951,
    "tok": 0.024304021,
    "tr": 0.99911624,
    "uk": 0.7777287,
    "vi": 0,
    "zh_CN": 0.9381352,
    "zh_TW": 0.99867433
  },
  "InternalName": null
}
