{
  "TranslationProgress": {
    "af": 0.0058823529411764705,
    "ar": 0.022459893048128343,
    "be": 0.0053475935828877,
    "bg": 0.7454545454545455,
    "bn": 0.016577540106951873,
    "ca": 0.618716577540107,
    "cs": 0.6898395721925134,
    "da": 0.0032085561497326204,
    "de": 0.7213903743315508,
    "el": 0.011229946524064172,
    "en": 1,
    "eo": 0.24598930481283424,
    "es": 0.7133689839572193,
    "es_AR": 0.13850267379679143,
    "et": 0.5224598930481283,
    "fi": 0.4636363636363636,
    "fr": 0.7807486631016043,
    "frm": 0,
    "he": 0.6802139037433155,
    "hr": 0.027807486631016044,
    "hu": 0.5438502673796791,
    "id": 0.39037433155080214,
    "it": 0.6481283422459893,
    "ka": 0,
    "ko": 0.2871657754010695,
    "la": 0.032620320855614976,
    "lb_LU": 0,
    "lt": 0.19786096256684493,
    "lv": 0.246524064171123,
    "mk": 0.0106951871657754,
    "nb_NO": 0.039572192513368985,
    "nl": 0.8481283422459893,
    "nl_BE": 0.4572192513368984,
    "pl": 0.7336898395721925,
    "pt_BR": 0.8219251336898395,
    "pt_PT": 0.5085561497326203,
    "ro": 0.02085561497326203,
    "ru": 0.9037433155080213,
    "si_LK": 0.0032085561497326204,
    "sk": 0.4550802139037433,
    "sr_Cyrl": 0.2251336898395722,
    "sr_Latn": 0.17058823529411765,
    "sv": 0.3962566844919786,
    "th_TH": 0.20053475935828877,
    "tok": 0.029411764705882353,
    "tr": 0.9048128342245989,
    "uk": 0.8550802139037433,
    "vi": 0,
    "zh_CN": 0.8754010695187165,
    "zh_TW": 0.9957219251336898
  }
}
