{
  "TranslationProgress": {
    "af": 0,
    "ar": 0.0071315372424722665,
    "bg": 0.9643423137876387,
    "ca": 0.9112519809825673,
    "cs": 0.9516640253565769,
    "da": 0.004754358161648178,
    "de": 0.8011093502377179,
    "el": 0.01664025356576862,
    "en": 1,
    "eo": 0.33201267828843106,
    "es": 0.9477020602218701,
    "es_AR": 0.1600633914421553,
    "et": 0.7757527733755943,
    "fi": 0.626782884310618,
    "fr": 0.6402535657686212,
    "frm": 0,
    "he": 0.9643423137876387,
    "hr": 0.02456418383518225,
    "hu": 0.7646592709984152,
    "id": 0.5816164817749604,
    "it": 0.9516640253565769,
    "ka": 0,
    "ko": 0.32091917591125196,
    "la": 0,
    "lb_LU": 0,
    "lt": 0.09587955625990491,
    "lv": 0.35657686212361334,
    "nb_NO": 0.011885895404120444,
    "nl": 0.48811410459587956,
    "nl_BE": 0.679080824088748,
    "pl": 0.9072900158478605,
    "pt_BR": 0.9540412044374009,
    "pt_PT": 0.7385103011093502,
    "ro": 0,
    "ru": 0.9136291600633915,
    "si_LK": 0.004754358161648178,
    "sk": 0.6656101426307448,
    "sr_Cyrl": 0.3335974643423138,
    "sr_Latn": 0.25277337559429475,
    "sv": 0.5237717908082409,
    "th_TH": 0.29635499207606975,
    "tr": 0.9944532488114105,
    "uk": 0.9706814580031695,
    "vi": 0,
    "zh_CN": 0.9532488114104596,
    "zh_TW": 0.7068145800316957
  }
}
