{
  "TranslationProgress": {
    "af": 0.0047536734,
    "ar": 0.01815039,
    "be": 0.004321521,
    "bg": 0.60890234,
    "bn": 0.012964563,
    "ca": 0.48703542,
    "cs": 0.5496975,
    "da": 0.010371651,
    "de": 0.58470184,
    "el": 0.009075195,
    "en": 1,
    "eo": 0.1923077,
    "es": 0.57044077,
    "es_AR": 0.12921348,
    "et": 0.4105445,
    "fi": 0.37337944,
    "fr": 0.78910977,
    "frm": 0,
    "he": 0.53370786,
    "hr": 0.04321521,
    "hu": 0.42653415,
    "id": 0.3059637,
    "it": 0.5203112,
    "ka": 0.8755402,
    "ko": 0.22039758,
    "la": 0.025496975,
    "lb_LU": 0.173293,
    "lt": 0.15600692,
    "lv": 0.1923077,
    "mk": 0.012532411,
    "nb_NO": 0.031114953,
    "nl": 0.68107176,
    "nl_BE": 0.44814175,
    "pl": 0.66205704,
    "pt_BR": 0.7126188,
    "pt_PT": 0.6473639,
    "ro": 0.05747623,
    "ru": 0.85825413,
    "si_LK": 0.0025929126,
    "sk": 0.35782194,
    "sr_Cyrl": 0.17718236,
    "sr_Latn": 0.133535,
    "sv": 0.32800347,
    "th_TH": 0.15298185,
    "tok": 0.023768367,
    "tr": 0.9991357,
    "uk": 0.7627485,
    "vi": 0,
    "zh_CN": 0.9183233,
    "zh_TW": 0.99956787
  },
  "InternalName": null
}
