{
  "TranslationProgress": {
    "af": 0,
    "ar": 0.020625889046941678,
    "bg": 0.9566145092460882,
    "ca": 0.8314366998577525,
    "cs": 0.8776671408250356,
    "da": 0.004267425320056899,
    "de": 0.9608819345661451,
    "el": 0.014935988620199146,
    "en": 1,
    "eo": 0.29871977240398295,
    "es": 0.9402560455192034,
    "es_AR": 0.14438122332859174,
    "et": 0.6970128022759602,
    "fi": 0.6095305832147937,
    "fr": 0.8577524893314367,
    "frm": 0,
    "he": 0.9139402560455192,
    "hr": 0.03058321479374111,
    "hu": 0.6927453769559033,
    "id": 0.5206258890469416,
    "it": 0.8655761024182077,
    "ka": 0,
    "ko": 0.3840682788051209,
    "la": 0,
    "lb_LU": 0,
    "lt": 0.0860597439544808,
    "lv": 0.3207681365576102,
    "nb_NO": 0.010668563300142247,
    "nl": 1,
    "nl_BE": 0.6102418207681366,
    "pl": 0.8819345661450925,
    "pt_BR": 0.9978662873399715,
    "pt_PT": 0.6770981507823614,
    "ro": 0.022048364153627313,
    "ru": 0.9992887624466572,
    "si_LK": 0.004267425320056899,
    "sk": 0.6109530583214794,
    "sr_Cyrl": 0.30014224751066854,
    "sr_Latn": 0.22759601706970128,
    "sv": 0.5135135135135135,
    "th_TH": 0.26671408250355616,
    "tok": 0.021337126600284494,
    "tr": 1,
    "uk": 0.9594594594594594,
    "vi": 0,
    "zh_CN": 0.9857752489331437,
    "zh_TW": 0.6770981507823614
  }
}
